-- =====================================================
-- SEED ALL 5 SUBJECTS - H-T.Study eLearning
-- =====================================================

-- Clear old data
TRUNCATE TABLE lessons CASCADE;
TRUNCATE TABLE chapters CASCADE;
TRUNCATE TABLE courses CASCADE;
TRUNCATE TABLE subjects CASCADE;

-- =====================================================
-- SUBJECTS (5 môn)
-- =====================================================
INSERT INTO subjects (id, tenant_id, name, description, sort_order) VALUES
('00000000-0000-0000-0000-000000000201', '00000000-0000-0000-0000-000000000001', 'Phân tích đầu tư chứng khoán', 'Phân tích cơ bản, phân tích kỹ thuật, định giá cổ phiếu và trái phiếu, các chỉ số tài chính.', 1),
('00000000-0000-0000-0000-000000000202', '00000000-0000-0000-0000-000000000001', 'Những vấn đề cơ bản của thị trường chứng khoán', 'Tổng quan TTCK, công cụ tài chính, tổ chức kinh doanh, đăng ký lưu ký, giám sát, đạo đức nghề nghiệp.', 2),
('00000000-0000-0000-0000-000000000203', '00000000-0000-0000-0000-000000000001', 'CK Phái sinh và TTCK Phái sinh', 'Tổng quan chứng khoán phái sinh, hợp đồng tương lai, quyền chọn, hoạt động bù trừ thanh toán CKPS.', 3),
('00000000-0000-0000-0000-000000000204', '00000000-0000-0000-0000-000000000001', 'Môi giới CK và tư vấn đầu tư CK', 'Nghiệp vụ môi giới chứng khoán, tư vấn đầu tư, quản lý danh mục, đạo đức nghề nghiệp môi giới.', 4),
('00000000-0000-0000-0000-000000000205', '00000000-0000-0000-0000-000000000001', 'Pháp luật về chứng khoán và TTCK', 'Luật chứng khoán, nghị định, thông tư liên quan, quy định về phát hành, niêm yết, giao dịch.', 5);

-- =====================================================
-- COURSES - Môn 1: Phân tích đầu tư chứng khoán
-- =====================================================
INSERT INTO courses (id, tenant_id, subject_id, title, description, status, access_type, created_by) VALUES
('00000000-0000-0000-0000-000000000301', '00000000-0000-0000-0000-000000000001', '00000000-0000-0000-0000-000000000201', 'PT ĐTCK - Lý thuyết', 'Kiến thức lý thuyết nền tảng về phân tích và đầu tư chứng khoán', 'published', 'free', '00000000-0000-0000-0000-000000000100'),
('00000000-0000-0000-0000-000000000302', '00000000-0000-0000-0000-000000000001', '00000000-0000-0000-0000-000000000201', 'PT ĐTCK - Công thức & Tính toán', 'Bảng công thức, tóm tắt công thức hay thi và cách áp dụng', 'published', 'free', '00000000-0000-0000-0000-000000000100'),
('00000000-0000-0000-0000-000000000303', '00000000-0000-0000-0000-000000000001', '00000000-0000-0000-0000-000000000201', 'PT ĐTCK - Bài tập mẫu & Lời giải', 'Bài tập định giá cổ phiếu, trái phiếu với lời giải chi tiết', 'published', 'free', '00000000-0000-0000-0000-000000000100');

-- Chapters for PT ĐTCK
INSERT INTO chapters (id, course_id, title, sort_order) VALUES
('00000000-0000-0000-0000-000000000401', '00000000-0000-0000-0000-000000000301', 'Lý thuyết phân tích đầu tư 1', 1),
('00000000-0000-0000-0000-000000000402', '00000000-0000-0000-0000-000000000301', 'Lý thuyết phân tích đầu tư 2', 2),
('00000000-0000-0000-0000-000000000403', '00000000-0000-0000-0000-000000000301', 'Tài liệu ôn tập tổng hợp', 3),
('00000000-0000-0000-0000-000000000404', '00000000-0000-0000-0000-000000000302', 'Bảng công thức PT&ĐTCK', 1),
('00000000-0000-0000-0000-000000000405', '00000000-0000-0000-0000-000000000302', 'Tóm tắt công thức hay thi', 2),
('00000000-0000-0000-0000-000000000406', '00000000-0000-0000-0000-000000000303', 'Định giá cổ phiếu, trái phiếu', 1),
('00000000-0000-0000-0000-000000000407', '00000000-0000-0000-0000-000000000303', 'Giải bài tập phân tích', 2);

-- =====================================================
-- COURSES - Môn 2: Cơ bản TTCK
-- =====================================================
INSERT INTO courses (id, tenant_id, subject_id, title, description, status, access_type, created_by) VALUES
('00000000-0000-0000-0000-000000000304', '00000000-0000-0000-0000-000000000001', '00000000-0000-0000-0000-000000000202', 'Cơ bản TTCK - Bài giảng (Slide)', 'Bài giảng theo chuyên đề CĐ1 đến CĐ11 từ slide chính thức', 'published', 'free', '00000000-0000-0000-0000-000000000100'),
('00000000-0000-0000-0000-000000000305', '00000000-0000-0000-0000-000000000001', '00000000-0000-0000-0000-000000000202', 'Cơ bản TTCK - Ôn tập & Ghi chú', 'Tổng hợp ghi chú ôn tập và bài tập khớp lệnh', 'published', 'free', '00000000-0000-0000-0000-000000000100');

-- Chapters for Cơ bản TTCK - Bài giảng
INSERT INTO chapters (id, course_id, title, sort_order) VALUES
('00000000-0000-0000-0000-000000000408', '00000000-0000-0000-0000-000000000304', 'CĐ1: Tổng quan về TTCK', 1),
('00000000-0000-0000-0000-000000000409', '00000000-0000-0000-0000-000000000304', 'CĐ2: Các công cụ tài chính trên TTCK', 2),
('00000000-0000-0000-0000-000000000410', '00000000-0000-0000-0000-000000000304', 'CĐ3: Thị trường sơ cấp', 3),
('00000000-0000-0000-0000-000000000411', '00000000-0000-0000-0000-000000000304', 'CĐ4: Thị trường thứ cấp và OTC', 4),
('00000000-0000-0000-0000-000000000412', '00000000-0000-0000-0000-000000000304', 'CĐ5: Công ty Chứng khoán', 5),
('00000000-0000-0000-0000-000000000413', '00000000-0000-0000-0000-000000000304', 'CĐ6: Công ty QLQ và Quỹ đầu tư CK', 6),
('00000000-0000-0000-0000-000000000414', '00000000-0000-0000-0000-000000000304', 'CĐ7: Đăng ký, Lưu ký và Bù trừ thanh toán', 7),
('00000000-0000-0000-0000-000000000415', '00000000-0000-0000-0000-000000000304', 'CĐ8: Hệ thống công bố thông tin', 8),
('00000000-0000-0000-0000-000000000416', '00000000-0000-0000-0000-000000000304', 'CĐ9: Giám sát giao dịch, giám sát tuân thủ', 9),
('00000000-0000-0000-0000-000000000417', '00000000-0000-0000-0000-000000000304', 'CĐ10: Đạo đức nghề nghiệp', 10),
('00000000-0000-0000-0000-000000000418', '00000000-0000-0000-0000-000000000304', 'CĐ11: Chứng khoán và CK phái sinh', 11),
('00000000-0000-0000-0000-000000000419', '00000000-0000-0000-0000-000000000305', 'Ghi chú ôn tập', 1),
('00000000-0000-0000-0000-000000000420', '00000000-0000-0000-0000-000000000305', 'Bài tập khớp lệnh liên tục', 2);

-- =====================================================
-- COURSES - Môn 3: CK Phái sinh
-- =====================================================
INSERT INTO courses (id, tenant_id, subject_id, title, description, status, access_type, created_by) VALUES
('00000000-0000-0000-0000-000000000306', '00000000-0000-0000-0000-000000000001', '00000000-0000-0000-0000-000000000203', 'CK Phái sinh - Bài giảng', 'Tổng quan CKPS, Nghị định 158, OTC, hoạt động bù trừ thanh toán', 'published', 'free', '00000000-0000-0000-0000-000000000100'),
('00000000-0000-0000-0000-000000000307', '00000000-0000-0000-0000-000000000001', '00000000-0000-0000-0000-000000000203', 'CK Phái sinh - Bài tập & Lời giải', 'Bài tập CKPS với đáp án chi tiết, Futures & Options', 'published', 'free', '00000000-0000-0000-0000-000000000100');

INSERT INTO chapters (id, course_id, title, sort_order) VALUES
('00000000-0000-0000-0000-000000000421', '00000000-0000-0000-0000-000000000306', 'Tổng quan về CKPS', 1),
('00000000-0000-0000-0000-000000000422', '00000000-0000-0000-0000-000000000306', 'Nghị định 158/2020 - CKPS', 2),
('00000000-0000-0000-0000-000000000423', '00000000-0000-0000-0000-000000000306', 'CKPS OTC', 3),
('00000000-0000-0000-0000-000000000424', '00000000-0000-0000-0000-000000000306', 'Hoạt động bù trừ và thanh toán CKPS', 4),
('00000000-0000-0000-0000-000000000425', '00000000-0000-0000-0000-000000000306', 'SGDCK Phái sinh', 5),
('00000000-0000-0000-0000-000000000426', '00000000-0000-0000-0000-000000000307', 'Futures - Hợp đồng tương lai', 1),
('00000000-0000-0000-0000-000000000427', '00000000-0000-0000-0000-000000000307', 'Options - Quyền chọn', 2),
('00000000-0000-0000-0000-000000000428', '00000000-0000-0000-0000-000000000307', 'Bài tập tổng hợp CKPS', 3);

-- =====================================================
-- COURSES - Môn 4: Môi giới CK
-- =====================================================
INSERT INTO courses (id, tenant_id, subject_id, title, description, status, access_type, created_by) VALUES
('00000000-0000-0000-0000-000000000308', '00000000-0000-0000-0000-000000000001', '00000000-0000-0000-0000-000000000204', 'Môi giới CK - Tài liệu ôn tập', 'Kiến thức nghiệp vụ môi giới và tư vấn đầu tư chứng khoán', 'published', 'free', '00000000-0000-0000-0000-000000000100');

INSERT INTO chapters (id, course_id, title, sort_order) VALUES
('00000000-0000-0000-0000-000000000429', '00000000-0000-0000-0000-000000000308', 'Ôn tập Môi giới - Phần 1', 1),
('00000000-0000-0000-0000-000000000430', '00000000-0000-0000-0000-000000000308', 'Ôn tập Môi giới - Phần 2', 2),
('00000000-0000-0000-0000-000000000431', '00000000-0000-0000-0000-000000000308', 'Tài liệu ôn thi MG & TVĐTCK', 3);

-- =====================================================
-- COURSES - Môn 5: Pháp luật về CK
-- =====================================================
INSERT INTO courses (id, tenant_id, subject_id, title, description, status, access_type, created_by) VALUES
('00000000-0000-0000-0000-000000000309', '00000000-0000-0000-0000-000000000001', '00000000-0000-0000-0000-000000000205', 'Pháp luật CK - Đề cương & Ôn tập', 'Luật chứng khoán, nghị định, thông tư, đề cương ôn thi', 'published', 'free', '00000000-0000-0000-0000-000000000100');

INSERT INTO chapters (id, course_id, title, sort_order) VALUES
('00000000-0000-0000-0000-000000000432', '00000000-0000-0000-0000-000000000309', 'Đề cương pháp luật CK và TTCK', 1),
('00000000-0000-0000-0000-000000000433', '00000000-0000-0000-0000-000000000309', 'Luật - Sát đề thi thật', 2),
('00000000-0000-0000-0000-000000000434', '00000000-0000-0000-0000-000000000309', 'Ghi chú môn Luật', 3);

-- =====================================================
-- VERIFY
-- =====================================================
SELECT '=== SUBJECTS ===' as info;
SELECT name, sort_order FROM subjects ORDER BY sort_order;
SELECT '=== COURSES ===' as info;
SELECT s.name as subject, c.title, c.status FROM courses c JOIN subjects s ON c.subject_id = s.id ORDER BY s.sort_order, c.title;
SELECT '=== STATS ===' as info;
SELECT COUNT(*) as total_subjects FROM subjects;
SELECT COUNT(*) as total_courses FROM courses;
SELECT COUNT(*) as total_chapters FROM chapters;
